2008,Cumulative Return (%),Annualized Return (%),Annualized Volatility (%),Sharpe Ratio,Max Drawdown (%)
Weight Scheme 1,53.51712935341468,7.110532025685254,25.123765126721842,0.28302015998877633,-24.5
Weight Scheme 2,124.89066741642647,10.385938231145687,24.586672506123442,0.4224214654731751,-9.842225247756488
HSCI,-3.6088081641637793,2.6444732959997452,24.492308695340366,0.10797158115612243,-9.842225247756488
